{
  "hash": "3fdc7e9d",
  "configHash": "a9fdeb71",
  "lockfileHash": "18f7f023",
  "browserHash": "828f7a07",
  "optimized": {
    "@supabase/supabase-js": {
      "src": "../../node_modules/@supabase/supabase-js/dist/module/index.js",
      "file": "@supabase_supabase-js.js",
      "fileHash": "09693ada",
      "needsInterop": false
    },
    "framer-motion": {
      "src": "../../node_modules/framer-motion/dist/es/index.mjs",
      "file": "framer-motion.js",
      "fileHash": "8dc2d233",
      "needsInterop": false
    },
    "lucide-react": {
      "src": "../../node_modules/lucide-react/dist/esm/lucide-react.js",
      "file": "lucide-react.js",
      "fileHash": "e28e5d88",
      "needsInterop": false
    },
    "react": {
      "src": "../../node_modules/react/index.js",
      "file": "react.js",
      "fileHash": "81c36cf4",
      "needsInterop": true
    },
    "react-dom/client": {
      "src": "../../node_modules/react-dom/client.js",
      "file": "react-dom_client.js",
      "fileHash": "52418f6b",
      "needsInterop": true
    },
    "react-markdown": {
      "src": "../../node_modules/react-markdown/index.js",
      "file": "react-markdown.js",
      "fileHash": "fbae9a47",
      "needsInterop": false
    },
    "react-router-dom": {
      "src": "../../node_modules/react-router-dom/dist/index.mjs",
      "file": "react-router-dom.js",
      "fileHash": "6595d394",
      "needsInterop": false
    },
    "sonner": {
      "src": "../../node_modules/sonner/dist/index.mjs",
      "file": "sonner.js",
      "fileHash": "335a825a",
      "needsInterop": false
    },
    "zustand": {
      "src": "../../node_modules/zustand/esm/index.mjs",
      "file": "zustand.js",
      "fileHash": "7e228deb",
      "needsInterop": false
    },
    "react/jsx-dev-runtime": {
      "src": "../../node_modules/react/jsx-dev-runtime.js",
      "file": "react_jsx-dev-runtime.js",
      "fileHash": "48d1c7a2",
      "needsInterop": true
    }
  },
  "chunks": {
    "chunk-6H6IX42F": {
      "file": "chunk-6H6IX42F.js"
    },
    "chunk-JUWM2LYA": {
      "file": "chunk-JUWM2LYA.js"
    },
    "chunk-W4EHDCLL": {
      "file": "chunk-W4EHDCLL.js"
    },
    "chunk-EWTE5DHJ": {
      "file": "chunk-EWTE5DHJ.js"
    }
  }
}